{
  "random_forest": {
    "r2": 0.9150130625713685,
    "rmse": 91.49577233937902,
    "mae": 56.001893511875785
  },
  "xgboost": {
    "r2": 0.9347932921998003,
    "rmse": 80.14401113827559,
    "mae": 49.60179680498615
  },
  "lightgbm": {
    "r2": 0.926496271500928,
    "rmse": 85.09021528915741,
    "mae": 51.99995315014725
  },
  "catboost": {
    "r2": 0.9145605175484424,
    "rmse": 91.73905079780916,
    "mae": 57.24831241834528
  },
  "hybrid": {
    "r2": 0.9398393718906085,
    "rmse": 76.98056933460512,
    "mae": 52.18451627345739
  }
}